<?xml version="1.0" encoding="UTF-8" standalone="yes"?>
<addon id="service.subtitles.3-01IS_Podnapisi"
       name="3-01 Ingenieria en Software[Podnapisi.net]"
       version="0.0.3"
       provider-name="Carreon Ruelas Cervantes Valenzuela">
  <requires>
    <import addon="xbmc.python" version="2.1.0"/>
  </requires>
  <extension point="xbmc.subtitle.module"
             library="service.py" />
  <extension point="xbmc.addon.metadata">
    <summary lang="en">3-01 SUBTITULOS[Podnapisi.net]</summary>
    <description lang="en">SUBTITULOS PARA PRO!..Version [Podnapisi.net]</description>
    <disclaimer lang="en"></disclaimer>
    <platform>all</platform>
    <license>GNU GENERAL PUBLIC LICENSE. Version 2, June 1991</license>
    <forum>https://www.facebook.com/groups/837605236252054/?ref=bookmarks</forum>
    <website></website>
    <email></email>
    <source>https://www.facebook.com/groups/837605236252054/?ref=bookmarks</source>
  </extension>
</addon>
